id_personnel;Nom_personnel;Prenom_personnel;Date_naissance;id_adresse
1;Thomas;Gabriel;1990-09-24;70
2;Gomez;Emmanuel;1973-07-22;76
3;Delannoy;Antoinette;1992-01-22;88
4;Lenoir;Gilles;1993-03-05;145
5;Albert;Thérèse;1968-12-05;41
6;Wagner;Auguste;1972-06-09;7
7;Nguyen;Marcel;2001-01-20;99
8;Tanguy;Lucas;1994-08-30;179
9;Techer;Dorothée;1961-11-09;148
10;Dias;Louis;1959-06-08;71
11;Laroche;Margot;1975-04-22;183
12;Vincent;Éléonore;1984-07-31;194
13;Schmitt;Pierre;1972-07-26;47
14;Weber;Dominique;1984-12-29;50
15;Laroche;Grégoire;1964-10-19;97
16;Boulanger;Nathalie;2004-05-14;22
17;Léger;Célina;1984-01-05;96
18;Payet;Martin;1966-03-24;86
19;Joseph;Roger;1983-07-16;136
20;Paul;Aurore;1988-09-11;179
21;Lesage;Maurice;2003-04-04;73
22;Girard;Bertrand;2003-11-12;160
23;Foucher;Nicole;2000-09-25;153
24;Brunel;Michèle;1994-05-06;30
25;Hernandez;Victor;1974-02-07;55
26;Fernandez;Denis;1985-01-21;32
27;Benard;Paul;1970-06-09;19
28;Lamy;André;1966-01-07;24
29;Hardy;Denise;2005-09-02;127
30;Martins;Bernadette;1989-12-22;96
31;Bouvet;Audrey;1996-12-18;57
32;Georges;Geneviève;1972-11-06;72
33;Brunet;Adrien;1961-11-18;46
34;Gay;Philippe;1972-12-21;198
35;Leconte;Louis;1979-03-31;116
36;Colas;Nicolas;1996-01-23;93
37;Gros;Lucas;1976-11-21;66
38;Delorme;Marthe;1960-12-12;12
39;Moulin;Benjamin;1979-05-01;37
40;Ledoux;Lucy;1966-11-18;88
41;Bousquet;Denise;1998-11-21;125
42;Lacroix;Laure;1985-12-05;101
43;Martins;Chantal;1964-01-24;58
44;Perrot;Nathalie;1984-03-27;164
45;Garcia;Théophile;1976-12-04;61
46;Chrétien;Amélie;1965-01-03;53
47;Julien;Hortense;1976-07-10;20
48;Lacombe;Michel;1979-02-13;127
49;Barbe;Roger;1983-04-25;86
50;Marie;Adrien;1980-09-14;130
51;Boulanger;Xavier;2002-04-09;121
52;Girard;Thibaut;1976-01-15;52
53;Pelletier;Emmanuelle;1986-10-13;89
54;Cordier;Emmanuelle;1971-07-06;42
55;Maury;Marianne;1968-03-09;21
56;Bonnin;Émilie;1999-03-24;139
57;Gautier;Lucie;1959-05-19;86
58;Lacombe;Madeleine;1986-12-19;6
59;Peltier;Brigitte;1983-05-17;128
60;Baron;Denise;1974-05-23;46
61;Bertrand;Charles;2001-10-14;117
62;Lévy;Lucas;1980-01-10;12
63;Brunel;Brigitte;1967-01-06;77
64;Nicolas;Monique;1968-06-17;79
65;Gauthier;Marcelle;1966-02-02;7
66;Lebreton;Antoine;2001-05-31;49
67;Richard;Richard;2005-07-25;94
68;Poulain;Jérôme;1978-04-23;161
69;Gonzalez;Pierre;1999-11-07;69
70;Torres;Éléonore;1992-02-27;132
71;Le Gall;Martine;1975-06-26;158
72;Lejeune;Élise;1990-07-10;18
73;Faure;Dorothée;1979-03-09;11
74;Dos Santos;Adrien;1984-06-07;142
75;Legros;Guillaume;1968-04-05;80
76;Gimenez;Anouk;1981-03-27;60
77;Goncalves;Gérard;1980-05-04;95
78;Delmas;Anaïs;1992-12-26;86
79;Clerc;Théodore;1960-08-03;161
80;Bodin;Simone;1966-10-08;96
81;Legendre;Jean;1960-03-10;177
82;Peltier;Madeleine;1985-12-15;90
83;Carpentier;Tristan;2005-01-05;19
84;Marion;Corinne;2001-06-04;149
85;Le Gall;Adrien;1978-08-31;195
86;Gilles;Patrick;1978-06-22;125
87;Charles;Agnès;2003-02-28;77
88;Morin;Aimé;1972-08-23;143
89;Poulain;Benjamin;1997-04-25;16
90;Maillet;Élodie;1971-10-24;166
91;Bouchet;André;1966-11-25;133
92;Nguyen;Sébastien;1974-08-12;155
93;Dias;Tristan;1991-06-05;59
94;Torres;Marianne;2003-06-04;128
95;Perrin;Claudine;1999-07-17;167
96;Leduc;Martin;2002-01-29;114
97;Vidal;Frédérique;1997-06-13;28
98;Germain;Catherine;1994-12-27;171
99;Leduc;Christine;1959-08-11;166
100;Delorme;Daniel;1991-08-16;145
101;Denis;Inès;1990-03-07;118
102;Letellier;William;1972-05-28;156
103;Dias;Jérôme;1960-11-09;45
104;Letellier;Frédérique;1979-10-22;28
105;Navarro;Madeleine;1995-03-06;150
106;Da Silva;Andrée;1992-07-02;141
107;Pinto;Alphonse;1961-02-10;172
108;Marin;Véronique;1996-02-05;196
109;Bazin;Alfred;1979-12-01;181
110;Navarro;Stéphanie;1994-11-07;195
111;Merle;Nathalie;1980-08-03;37
112;Rodriguez;Corinne;1969-08-14;51
113;Chartier;Christophe;1984-10-07;9
114;Gilles;Mathilde;1961-11-28;156
115;Sauvage;Guy;2002-08-09;94
116;Gérard;Eugène;1994-12-12;51
117;Prévost;Christophe;1975-10-07;30
118;Meyer;Édouard;2002-02-23;42
119;Nguyen;Claude;1996-05-19;42
120;Rousseau;Lucy;1991-06-23;195
121;Muller;Arthur;1989-09-29;30
122;Nguyen;Léon;1998-07-06;26
123;Aubert;Susan;1977-05-22;45
124;Evrard;Agathe;1987-03-19;180
125;Ribeiro;Luc;1997-04-28;43
126;Renaud;Martin;1972-07-12;104
127;Lebon;Hortense;1969-04-14;32
128;Dupuis;Roland;1985-03-23;28
129;Chrétien;Auguste;2001-02-25;82
130;Chevalier;Susan;1995-05-11;100
131;Descamps;Clémence;1993-06-24;52
132;Guyot;Inès;1995-05-01;108
133;Tanguy;Maggie;1976-02-16;162
134;Langlois;Aimé;1966-08-25;116
135;Blanchard;Nicolas;2002-07-12;156
136;Perret;Richard;1975-01-12;118
137;David;Édouard;1976-03-13;46
138;Lejeune;Olivier;1959-11-11;22
139;Michel;Monique;2004-03-02;91
140;Guilbert;Lucy;1977-04-04;42
141;Garcia;Marine;1997-07-05;5
142;Nguyen;Zacharie;1986-10-24;104
143;Blin;Adrien;1993-08-21;11
144;Lebon;Vincent;1959-09-29;101
145;Thibault;Gilbert;1985-03-02;97
146;Reynaud;Céline;1976-03-07;179
147;Gérard;Guillaume;1976-12-11;198
148;Lemoine;Valérie;1990-11-22;24
149;Michaud;Roger;1969-04-30;152
150;Delannoy;Amélie;1968-07-03;187
151;Munoz;Gabriel;2000-03-25;109
152;Garnier;Aurélie;1993-07-30;173
153;Guilbert;Arnaude;1994-09-23;45
154;Brun;Léon;1961-01-15;114
155;Hernandez;Lucas;1995-06-26;88
156;Bertrand;Amélie;2000-02-24;178
157;Dupré;Emmanuelle;1961-09-10;189
158;Gallet;Victoire;1969-10-24;11
159;Charpentier;Louise;1974-06-30;129
160;Breton;Susan;1964-08-04;183
161;Chauveau;Emmanuel;1960-10-11;169
162;Guillon;Maryse;1979-06-15;176
163;Regnier;Sébastien;1970-02-26;47
164;Navarro;Pauline;1996-02-26;154
165;Meunier;Benjamin;1996-12-13;200
166;Rocher;Adrien;1964-06-07;16
167;Leclerc;Valentine;1983-01-25;165
168;Moreno;Élisabeth;1967-01-28;24
169;Arnaud;Lucie;1964-11-03;182
170;Maréchal;François;1986-04-16;198
171;Le Gall;Arthur;2002-07-03;138
172;Rousseau;Jules;1985-12-17;47
173;Rivière;Margaux;2004-12-30;28
174;Leroy;Léon;1970-01-29;43
175;Raymond;Noémi;1976-12-24;153
176;Fouquet;Patrick;2001-03-06;150
177;Guillon;Alice;1989-02-02;12
178;Peltier;Philippe;1968-02-04;177
179;Blanchard;Julie;1994-11-11;138
180;Antoine;Antoinette;1974-05-20;75
181;Bonneau;Nathalie;1989-06-01;171
182;Perret;Christelle;1994-01-04;171
183;Fouquet;Olivier;1973-08-03;51
184;Vincent;Bernadette;1972-03-18;80
185;Germain;Alain;1969-06-04;159
186;Rossi;Valérie;1992-03-18;186
187;Humbert;Thérèse;2002-11-29;8
188;Henry;Hortense;1960-05-28;105
189;Lévy;Éric;1994-07-24;114
190;Muller;Luc;1960-02-07;113
191;Brun;Jules;1972-07-05;161
192;Guibert;Margot;1970-07-17;111
193;Guyon;Thomas;1973-06-16;44
194;Devaux;Daniel;1967-06-12;6
195;Hebert;Julien;1991-06-09;71
196;Poulain;Cécile;1959-07-23;174
197;Becker;Thibaut;1967-03-26;66
198;Dias;Thérèse;1997-09-29;143
199;Louis;Michèle;1997-07-22;140
200;Diallo;Honoré;1986-12-18;137
